{"cameraMode":{"drawMode":0,"name":"Shaded","section":"Shading Mode"},"sceneLighting":false,"audioPlay":false,"sceneViewState":{"showFog":true,"showMaterialUpdate":false,"showSkybox":false,"showFlares":true,"showImageEffects":true,"showParticleSystems":true},"in2DMode":false,"pivot":{"x":2.652188539505005,"y":0.6113499999046326,"z":1.65625},"rotation":{"x":0.014956233091652394,"y":0.8664334416389465,"z":0.02600078098475933,"w":-0.49839043617248537},"size":9.410126686096192,"orthographic":true}