{"cameraMode":{"drawMode":0,"name":"Shaded","section":"Shading Mode"},"sceneLighting":false,"audioPlay":false,"sceneViewState":{"showFog":true,"showMaterialUpdate":false,"showSkybox":false,"showFlares":true,"showImageEffects":true,"showParticleSystems":true},"in2DMode":false,"pivot":{"x":0.0,"y":3.453080892562866,"z":-33.42781066894531},"rotation":{"x":-0.07980862259864807,"y":0.16400526463985444,"z":-0.013313515111804009,"w":-0.9831358194351196},"size":16.516067504882814,"orthographic":false}